Model,Train Time (s),Inference Time (s),RMSE,MAE,R2 Score,SHAP Time (s)
Linear Regression,0.017302989959716797,0.00905609130859375,5.621886113735281,4.4676435778991745,0.37377524976347687,0.0015108585357666016
Ridge,0.0074808597564697266,0.003235340118408203,5.622140817534765,4.4678639381348,0.3737185053068427,0.0015060901641845703
Lasso,0.005007743835449219,0.00030159950256347656,7.104438058828145,5.6605962614695775,-5.896025240770264e-05,0.0013689994812011719
XGBoost,0.3054509162902832,0.009991168975830078,5.384301107799772,4.291770144052027,0.4255862606515277,3.064880847930908
LightGBM,0.11837124824523926,0.004328727722167969,5.1584432125516715,4.120879685406737,0.4727659516317756,3.126542568206787
